id,showroom,category,product_type,badge,recommended,name_ja,name_en,name_vi,image,net_weight_or_size,material,shelf_life,storage,origin,maker_or_artisan,moq,price,description_ja,description_en,description_vi,usage_scene,allergy_or_notes,pdf_link
T-RTSMD01,Food & Beverage,Tea,GreenTea,,no,茶の種子 緑茶(べにふうき茶葉),Cha no Tane Green Tea (Benifuuki Leaves),Bột trà xanh Cha no Tane (lá Benifuuki),assets/images/Cha-no-Tane-Green-Tea-Benifuuki-Leaves.jpg,75g,,240 days,Room temperature,Japan,,TBD,Quotation required,お茶の種子とべにふうき茶葉を丸ごと粉末化。オレイン酸とビタミンEを豊富に含む健康粉末茶。,"A powdered green tea made from whole tea seeds and Benifuuki tea leaves, naturally rich in oleic acid and vitamin E.","Trà xanh bột làm từ hạt trà và lá trà Benifuuki nguyên hạt, giàu axit oleic và vitamin E.",Drinking / gift ,Please confirm ingredients before order.,assets/pdf/food-catalog.pdf
T-RTSMD02,Food & Beverage,Tea,GreenTea,,no,茶の種子 緑茶,Cha no Tane Green Tea,Bột trà xanh Cha no Tane,assets/images/Cha-no-Tane-Green-Tea.jpg,45g,,240 days,Room temperature,Japan,,TBD,Quotation required,お茶の種子と茶葉を独自製法で丸ごと粉末化。オレイン酸とビタミンEを豊富に含み、茶葉の栄養をまるごと摂取できる健康粉末緑茶。,"A unique powdered green tea made from whole tea seeds and leaves using a proprietary process. Rich in oleic acid and vitamin E, it allows you to enjoy the full nutrients of the tea leaves.","Trà xanh bột được làm từ toàn bộ hạt và lá trà bằng công nghệ độc quyền. Giàu axit oleic và vitamin E, giúp hấp thụ trọn vẹn dưỡng chất từ lá trà.",Drinking / gift ,Please confirm ingredients before order.,assets/pdf/food-catalog.pdf
T-RTSMD03,Food & Beverage,Tea,Genmai Tea,,no,茶の種子 玄米茶,Cha no Tane Genmaicha,Trà bột hạt trà vị gạo lứt,assets/images/Cha-no-Tane-Genmaicha.jpg,60g,,240 days,Room temperature,Japan,,TBD,Quotation required,お茶の種子と茶葉を丸ごと粉末化した健康粉末茶。オレイン酸とビタミンEを豊富に含み、香ばしい風味と低カフェインが特長。,"A powdered health tea made from whole tea seeds and tea leaves. Rich in oleic acid and vitamin E, with a naturally roasted aroma and low caffeine content.","Trà bột dinh dưỡng được làm từ toàn bộ hạt trà và lá trà. Giàu axit oleic và vitamin E, với hương rang tự nhiên và hàm lượng caffeine thấp.",Drinking / gift ,Please confirm ingredients before order.,assets/pdf/food-catalog.pdf
T-RTSMD04,Food & Beverage,Tea,Houjicha Tea,,no,茶の種子 ほうじ茶,Cha no Tane Hojicha,Trà bột hạt trà Hojicha,assets/images/Cha-no-Tane-Hojicha.jpg,50g,,240 days,Room temperature,Japan,,TBD,Quotation required,お茶の種子とほうじ茶を丸ごと粉末化した健康粉末茶。オレイン酸とビタミンEを豊富に含み、香ばしい風味と低カフェインが特長。,"A powdered health tea made from whole tea seeds and hojicha. Rich in oleic acid and vitamin E, with a naturally roasted aroma and low caffeine content.","Trà bột dinh dưỡng được làm từ toàn bộ hạt trà và trà Hojicha. Giàu axit oleic và vitamin E, với hương rang đặc trưng và hàm lượng caffeine thấp.",Drinking / gift ,Please confirm ingredients before order.,assets/pdf/food-catalog.pdf
T-RTSMD05,Food & Beverage,Tea,Tea  Powder,,no,有機かぶせ茶パウダー,Organic Kabuse Tea Powder,Bột trà Kabuse hữu cơ,assets/images/Organic-Kabuse-Tea-Powder.jpg,50g,, --days,Room temperature,Japan,,TBD,Quotation required,かぶせ茶製法で仕上げた有機煎茶を微粉末加工したオーガニック粉末茶。濃厚な旨味と甘味、鮮やかな濃緑色が特長で、お湯や水に溶かして飲むほか、ラテ、製菓、料理にも使用可能。,"Organic powdered tea made from Kabuse-style organic sencha that has been finely milled. It features a rich umami, natural sweetness, and a vibrant deep green color. Suitable for hot or cold beverages, as well as lattes, confectionery, and cooking.","Trà bột hữu cơ được làm từ trà sencha hữu cơ sản xuất theo phương pháp Kabuse và nghiền siêu mịn. Nổi bật với vị umami đậm đà, vị ngọt tự nhiên và màu xanh đậm tươi sáng. Thích hợp pha với nước nóng hoặc lạnh, đồng thời có thể sử dụng để pha latte, làm bánh và chế biến món ăn.",Drinking / gift ,Please confirm ingredients before order.,
T-RTIYC06,Food & Beverage,Tea,Organic Tea,,no,有機煎茶,ORGANIC GREENTEA,Trà xanh hữu cơ,assets/images/ORGANIC-GREENTEA.jpg,80g,, --days,Room temperature,Japan,,TBD,Quotation required,茨城県のお茶農家として初めて有機JAS認証を取得した有機茶。お茶本来のやさしい味わいと、豊かで心安らぐ香りが特長。,"Organic tea produced by the first tea farm in Ibaraki Prefecture to obtain JAS Organic certification. It features the tea's naturally mild flavor and a rich, soothing aroma.","Trà hữu cơ được sản xuất bởi nông hộ trồng trà đầu tiên tại tỉnh Ibaraki đạt chứng nhận hữu cơ JAS. Nổi bật với hương vị dịu nhẹ nguyên bản của trà cùng hương thơm đậm đà, thư thái.",Drinking / gift ,Please confirm ingredients before order.,
T-RTIYC07,Food & Beverage,Tea,Organic Tea,,no,有機煎茶ティーバッグ煎茶,ORGANIC GREENTEA TEABAG,Trà xanh hữu cơ (Túi lọc),assets/images/ORGANIC-GREENTEA-TEABAG.jpg,2.5g (×10P）,, --days,Room temperature,Japan,,TBD,Quotation required,茨城県のお茶農家として初めて有機JAS認証を取得した有機煎茶。抽出しやすい三角ティーバッグを採用し、本格的な味わいを手軽に抽出可能。,Organic sencha produced by the first tea farm in Ibaraki Prefecture to obtain JAS Organic certification. Triangular tea bags provide efficient infusion and make it easy to prepare authentic Japanese green tea.,Trà sencha hữu cơ được sản xuất bởi nông hộ trồng trà đầu tiên tại tỉnh Ibaraki đạt chứng nhận hữu cơ JAS. Túi trà hình tam giác giúp chiết xuất hiệu quả và dễ dàng pha trà xanh Nhật Bản với hương vị nguyên bản.,Drinking / gift ,Please confirm ingredients before order.,
T-RTIYC08,Food & Beverage,Tea,Organic Tea,,no,有機ほうじ茶,ORGANIC HOJICHA,Trà Hojicha hữu cơ,assets/images/ORGANIC-HOJICHA.jpg,100g,, --days,Room temperature,Japan,,TBD,Quotation required,3年以上農薬・化学肥料を使用せずに栽培し、有機JAS認証を取得した有機ほうじ茶。豊かな香りと自然な甘み、まろやかでやさしい味わいが特長。,"JAS Organic-certified hojicha made from tea cultivated for more than three years without the use of pesticides or chemical fertilizers. It features a rich aroma, natural sweetness, and a smooth, gentle taste.","Trà hojicha đạt chứng nhận hữu cơ JAS, được làm từ trà trồng trên ba năm không sử dụng thuốc bảo vệ thực vật hoặc phân bón hóa học. Nổi bật với hương thơm đậm đà, vị ngọt tự nhiên và hương vị dịu nhẹ, êm mượt.",Drinking / gift ,Please confirm ingredients before order.,
T-RTIYC09,Food & Beverage,Tea,Organic Tea,,no,有機ほうじ茶ティーバッグ,ORGANIC HOJICHA TEABAG,Trà Hojjicha hữu cơ (Túi lọc),assets/images/ORGANIC-HOJICHA-TEABAG.jpg,2.5g (×10P）,, --days,Room temperature,Japan,,TBD,Quotation required,3年以上農薬・化学肥料を使用せずに栽培し、有機JAS認証を取得した有機ほうじ茶。抽出しやすい三角ティーバッグを採用し、豊かな香りと自然な甘みが特長。,"Organic hojicha certified under the JAS Organic standard and produced from tea cultivated for more than three years without the use of synthetic pesticides or chemical fertilizers. Triangular tea bags provide efficient infusion, highlighting its rich aroma and natural sweetness.","Trà Hojicha hữu cơ đạt chứng nhận Organic JAS, được làm từ trà canh tác hơn 3 năm không sử dụng thuốc bảo vệ thực vật và phân bón hóa học. Đóng gói trong túi trà tam giác giúp pha dễ dàng, mang đến hương rang đậm đà và vị ngọt tự nhiên.",Drinking / gift ,Please confirm ingredients before order.,
T-RTIYC10,Food & Beverage,Tea,Organic Tea,,no,有機くき茶,ORGANIC Kuki-TEA,Trà Kuki hữu cơ,assets/images/ORGANIC-Kuki-TEA.jpg,100g,, --days,Room temperature,Japan,,TBD,Quotation required,茨城県のお茶農家として初めて有機JAS認証を取得した有機茶。すっきりとした味わいと爽やかな香りが特長。,"Organic tea produced by the first tea farm in Ibaraki Prefecture to obtain JAS Organic certification. It features a clean, refreshing taste and a fresh aroma.",Trà hữu cơ được sản xuất bởi nông hộ trồng trà đầu tiên tại tỉnh Ibaraki đạt chứng nhận hữu cơ JAS. Nổi bật với hương thơm tươi mát và vị thanh nhẹ.,Drinking / gift ,Please confirm ingredients before order.,
T-RTIYC11,Food & Beverage,Tea,GreenTea,,no,八千代の香－gold－,Yachiyo no Kaori -gold-,Trà Yachiyo no Kaori -gold-,assets/images/Yachiyo-no-Kaori-gold-.jpg,100g,, --days,Room temperature,Japan,,TBD,Quotation required,旨味・渋味・甘味のバランスが取れた、まろやかで飲みやすいお茶。日常のティータイムに適した定番商品。,"An easy-to-drink tea with a well-balanced combination of umami, astringency, and sweetness. A classic choice suitable for everyday tea time.","Trà có sự cân bằng hài hòa giữa vị umami, vị chát và vị ngọt, mang đến hương vị dịu nhẹ, dễ uống. Sản phẩm quen thuộc, phù hợp để thưởng thức hằng ngày.",Drinking / gift ,Please confirm ingredients before order.,
T-RTIYC12,Food & Beverage,Tea,GreenTea,,no,くき茶,Kukicha (Japanese Stem Tea),Trà Kuki,assets/images/Kukicha-Japanese-Stem-Tea.jpg,100g,, --days,Room temperature,Japan,,TBD,Quotation required,茎を多く使用したくき茶。渋味が少なく、すっきりとした味わいと爽やかな香りが特長です。,"A kukicha made with a higher proportion of tea stems. It offers a clean, refreshing taste with low astringency and a delicate aroma.","Trà cọng Kukicha được làm chủ yếu từ cọng trà. Sản phẩm có vị thanh mát, ít chát và hương thơm dịu nhẹ, mang đến trải nghiệm dễ uống và sảng khoái.",Drinking / gift ,Please confirm ingredients before order.,
T-RTIYC13,Food & Beverage,Tea,Houjicha Tea,,no,下総棒茶（ほうじ茶）,Shimousa Roasted Stem Tea (Hojicha),Trà cọng Shimōsa Hojicha,assets/images/Shimousa-Roasted-Stem-Tea-Hojicha.jpg,100g,, --days,Room temperature,Japan,,TBD,Quotation required,茶の茎を焙煎して仕上げた棒茶。香ばしい焙煎香とすっきりとした味わいが特長で、苦味や渋味が少なく、カフェインも控えめ。,"Roasted stem tea made from tea stalks. It features a fragrant roasted aroma and a clean, refreshing taste, with low bitterness, astringency, and caffeine content.","Trà thân rang được làm từ phần thân và cọng trà. Nổi bật với hương rang thơm và vị thanh nhẹ, ít đắng, ít chát và có hàm lượng caffeine thấp.",Drinking / gift ,Please confirm ingredients before order.,
T-RTIYC14,Food & Beverage,Tea,GreenTea,,no,緑茶ティーバッグ,Green Tea Bags,Trà xanh (Túi lọc),assets/images/Green-Tea-Bags.jpg,2.5g×15P,, --days,Room temperature,Japan,,TBD,Quotation required,抽出しやすい三角ティーバッグを採用。お湯・水出しの両方に対応し、1杯分から手軽に抽出可能。,"Triangular tea bags designed for efficient infusion. Suitable for both hot and cold brewing, and convenient for preparing a single serving.","Trà sử dụng túi trà hình tam giác giúp chiết xuất hiệu quả. Phù hợp cho cả pha nóng và pha lạnh, thuận tiện để pha từ một tách.",Drinking / gift ,Please confirm ingredients before order.,
T-RTIYC15,Food & Beverage,Tea,Tea  Powder,,no,有機ほうじ茶パウダー,Organic Hojicha Powder,Bột trà Hojicha hữu cơ,assets/images/Organic-Hojicha-Powder.jpg,50g,, --days,Room temperature,Japan,,TBD,Quotation required,有機緑茶を焙煎し、微粉末加工した有機ほうじ茶パウダー。ほのかな焙煎香とまろやかな甘みが特長で、お湯や水に溶かして飲むほか、製菓や料理にも使用可能。,"Organic hojicha powder made by roasting organic green tea and milling it into a fine powder. It features a delicate roasted aroma and mild sweetness, and is suitable for beverages, confectionery, and cooking.","Bột hojicha hữu cơ được làm từ trà xanh hữu cơ rang và nghiền mịn. Nổi bật với hương rang nhẹ và vị ngọt dịu, thích hợp để pha đồ uống, làm bánh và chế biến món ăn.",Drinking / gift ,Please confirm ingredients before order.,
T-RTIYC16,Food & Beverage,Tea,Tea  Powder,,no,急須のいらない粉末緑茶,No-Teapot Green Tea Powder,Trà xanh bột pha trực tiếp,assets/images/No-Teapot-Green-Tea-Powder.jpg,45g,, --days,Room temperature,Japan,,TBD,Quotation required,急須を使わず、お湯や水にさっと溶ける粉末緑茶。飲用のほか、ラテや製菓にも使用でき、鮮やかな緑色と豊かな緑茶の風味が特長。,"Instant green tea powder that dissolves quickly in hot or cold water without the need for a teapot. Suitable for drinking, lattes, and confectionery, with a vibrant green color and rich green tea flavor.","Trà xanh bột hòa tan nhanh trong nước nóng hoặc lạnh mà không cần dùng ấm pha trà. Phù hợp để pha uống, làm latte và bánh kẹo, nổi bật với màu xanh tươi và hương vị trà xanh đậm đà.",Drinking / gift ,Please confirm ingredients before order.,
T-RTYSC17,Food & Beverage,Tea,Black Tea,,no,和紅茶「いずみ」春摘み ティーバッグ 10個入り,"Japanese Black Tea “Izumi” – Spring Harvest, Tea Bags (10 pcs)",Trà đen Nhật Bản Izumi – Túi trà vụ xuân (10 túi),assets/images/Japanese-Black-Tea-Izumi-Spring-Harvest-Tea-Bags-10-pcs.jpg,2g×10P,,730 days,Room temperature,Japan,,TBD,Quotation required,浅めに発酵させた和紅茶。ミルクのようなまろやかな口当たりと爽やかな風味、柑橘を思わせる甘い余韻が特長。ティーバッグは2煎目まで抽出可能。,"Lightly fermented Japanese black tea with a smooth, milk-like mouthfeel, a refreshing flavor, and a sweet citrus-like finish. Tea bags can be brewed for up to two infusions.","Trà đen Nhật Bản được lên men nhẹ, nổi bật với vị êm mượt như sữa, hương vị thanh mát và dư vị ngọt gợi hương cam quýt. Túi trà có thể pha đến hai lần.",Drinking / gift ,Please confirm ingredients before order.,
T-RTYSC18,Food & Beverage,Tea,Black Tea,,no,和紅茶 - 2025 いずみ 1st No.1 プレミアム,Japanese Black Tea – 2025 Izumi 1st Flush No.1 Premium,Trà đen Nhật Bản Izumi Premium 2025 – First Flush No.1 (20 g),assets/images/Japanese-Black-Tea-2025-Izumi-1st-Flush-No-1-Premium-20g.jpg,20g,,730 days,Room temperature,Japan,,TBD,Quotation required,半世紀以上前に輸出向けとして育成された希少品種「いずみ」を使用したプレミアム和紅茶。春一番の若芽を浅めに発酵し、華やかな果実香と爽やかで上品な余韻が特長。,"A premium Japanese black tea made from the rare Izumi cultivar, originally developed for export over half a century ago. Lightly fermented first-flush spring buds offer a floral fruity aroma with a refreshing, elegant finish.","Trà đen Nhật Bản cao cấp được làm từ giống trà quý hiếm Izumi, được phát triển cho mục đích xuất khẩu từ hơn nửa thế kỷ trước. Búp trà đầu xuân được lên men nhẹ, nổi bật với hương trái cây thanh nhã và dư vị tươi mát, tinh tế.",Drinking / gift ,Please confirm ingredients before order.,
T-RTYSC19,Food & Beverage,Tea,Black Tea,,no,和紅茶 - 2025 いずみ 1st No.2 シルバームーン,Japanese Black Tea – 2025 Izumi 1st Flush No.2 Silver Moon,Trà đen Nhật Bản Izumi Silver Moon – First Flush No.2 2025,assets/images/Japanese-Black-Tea-2025-Izumi-1st-Flush-No-Silver-Moon.jpg,25g,,730 days,Room temperature,Japan,,TBD,Quotation required,半世紀以上前に輸出向けとして育成された希少品種「いずみ」を使用した和紅茶。充実した春の茶葉を浅めに発酵し、爽やかな香りと柑橘系の余韻、冷めるほど深まるコクが特長。,"Japanese black tea made from the rare Izumi cultivar, originally developed for export over half a century ago. Produced from mature first-flush spring leaves with light fermentation, it offers a refreshing aroma, citrus-like finish, and a fuller body as the tea cools.","Trà đen Nhật Bản được làm từ giống trà quý hiếm Izumi, được phát triển cho mục đích xuất khẩu từ hơn nửa thế kỷ trước. Lá trà đầu vụ xuân được lên men nhẹ, nổi bật với hương thơm tươi mát, dư vị cam quýt và vị trà đậm đà hơn khi để nguội.",Drinking / gift ,Please confirm ingredients before order.,
T-RTYSC20,Food & Beverage,Tea,Black Tea,,no,和紅茶「いずみ」夏摘み ティーバッグ 10個入り,"Japanese Black Tea “Izumi” – Summer Harvest, Tea Bags (10 pcs)","Trà đen Nhật Bản ""Izumi"" – Thu hoạch mùa hè – Túi trà (10 túi)",assets/images/Japanese-Black-Tea-Izumi-Summer-Harvest-Tea-Bags-10-pcs.jpg,2g×10P,,730 days,Room temperature,Japan,,TBD,Quotation required,完熟した果実を思わせる自然な甘みと、やわらかくコクのある余韻が特長の和紅茶。クリーム系やフルーツ系のスイーツとの相性に優れ、ティーバッグは2煎目まで抽出可能。,"Japanese black tea featuring a natural sweetness reminiscent of ripe fruit and a smooth, rich finish. It pairs well with cream-based and fruit desserts, and each tea bag can be brewed for up to two infusions.","Trà đen Nhật Bản nổi bật với vị ngọt tự nhiên gợi nhớ đến trái cây chín cùng hậu vị mềm mại, đậm đà. Phù hợp với các món tráng miệng từ kem và trái cây, đồng thời mỗi túi trà có thể pha đến hai lần.",Drinking / gift ,Please confirm ingredients before order.,
T-RTYSC21,Food & Beverage,Tea,Black Tea,,no,和紅茶 - 2025 やぶきた実生 2nd No.1 25g,Japanese Black Tea – 2025 Yabukita Seedling 2nd No.1 (25 g),"Trà đen Nhật Bản – Yabukita thực sinh 2025, lứa hái thứ hai No.1 (25 g)",assets/images/Japanese-Black-Tea-2025-Yabukita-Seedling-2nd-No-1-25-g.jpg,25g,,730 days,Room temperature,Japan,,TBD,Quotation required,種から育てた樹齢50年以上の希少な茶樹「やぶきた実生」を使用した和紅茶。爽やかな香りとほのかな蜜香、軽やかでやさしい味わいが特長。,"Japanese black tea made from the rare Yabukita Seedling tea trees grown from seed and over 50 years old. It features a refreshing aroma, delicate honey-like notes, and a light, smooth taste.","Trà đen Nhật Bản được làm từ giống trà quý hiếm Yabukita thực sinh, trồng từ hạt và có tuổi đời trên 50 năm. Nổi bật với hương thơm thanh mát, thoảng hương mật ong cùng hương vị nhẹ nhàng, thanh dịu.",Drinking / gift ,Please confirm ingredients before order.,
T-RTYSC22,Food & Beverage,Tea,Black Tea,,no,石焼き焙煎くきほうじ茶 80g,Stone-Roasted Stem Hojicha (80g),Trà houjicha từ cọng trà rang đá (80 g),assets/images/Stone-Roasted-Stem-Hojicha-80g.jpg,80g,,365 days,Room temperature,Japan,,TBD,Quotation required,一番茶の茎を大理石の砂とともに焙煎した石焼き焙煎くきほうじ茶。低カフェインで、やさしい甘い香りとまろやかな味わいが特長。温茶・冷茶のどちらでも楽しめる。,"Stone-roasted stem hojicha made from the stems of first-flush tea leaves, roasted together with marble stones. Naturally low in caffeine, it features a sweet roasted aroma and a smooth, mellow taste. Enjoy it either hot or cold.","Trà houjicha cọng rang đá được làm từ phần cọng của lứa trà đầu tiên, rang cùng đá cẩm thạch. Hàm lượng caffeine thấp, nổi bật với hương rang ngọt dịu và vị êm mượt, thanh nhẹ. Thích hợp thưởng thức cả nóng lẫn lạnh.",Drinking / gift ,Please confirm ingredients before order.,
T-RTYSC23,Food & Beverage,Tea,Black Tea,,no,和紅茶「やぶきた実生」夏摘み ティーバッグ10個入り,"Japanese Black Tea “Yabukita Misho” – Summer Harvest, Tea Bags (10 pcs)","Trà đen Nhật Bản ""Yabukita thực sinh"" – Thu hoạch mùa hè – 10 túi trà",assets/images/Japanese-Black-Tea-Yabukita-Misho-Summer-Harvest-Tea-Bags-10-pcs.jpg,2g×10P,,730 days,Room temperature,Japan,,TBD,Quotation required,甘みの中に奥深い香りと爽やかな余韻が広がる和紅茶。洋食や洋菓子との相性に優れ、ティーバッグは2煎目まで抽出可能。,"Japanese black tea with a natural sweetness, a rich aroma, and a refreshing finish. It pairs well with Western cuisine and desserts, and each tea bag can be brewed for up to two infusions.","Trà đen Nhật Bản nổi bật với vị ngọt tự nhiên, hương thơm sâu lắng và hậu vị thanh mát. Phù hợp dùng cùng các món ăn và bánh ngọt kiểu phương Tây, đồng thời mỗi túi trà có thể pha đến hai lần.",Drinking / gift ,Please confirm ingredients before order.,
T-RTYSC24,Food & Beverage,Tea,Black Tea,,no,和紅茶 - 2025 いずみ 2nd No.1 ジューンブロッサム 25g,Japanese Black Tea – 2025 Izumi 2nd No.1 – June Blossom (25 g),"Trà đen Nhật Bản – Izumi 2025, lứa hái thứ hai No.1 ""June Blossom"" (25 g)",assets/images/Japanese-Black-Tea-2025-Izumi-2nd-No-1-June-Blossom-25-g.jpg,25g,,730 days,Room temperature,Japan,,TBD,Quotation required,半世紀以上前に輸出向けとして育成され、当園で復活した希少品種「いずみ」を使用した和紅茶。白い花を思わせる甘い香りと透明感のある味わい、フレッシュでフルーティーな余韻が特長。シルバーチップの美しい茶葉も魅力。,"Japanese black tea made from the rare Izumi cultivar, originally developed for export over half a century ago and later revived at our tea farm. It features a sweet aroma reminiscent of white blossoms, a clean and delicate taste, and a fresh, fruity finish. The beautiful silver tips are another distinctive characteristic.","Trà đen Nhật Bản được làm từ giống trà quý hiếm Izumi, được phát triển cho mục đích xuất khẩu từ hơn nửa thế kỷ trước và được phục hồi tại nông trại của chúng tôi. Nổi bật với hương thơm ngọt gợi nhớ hoa trắng, hương vị trong trẻo cùng hậu vị tươi mát, thoảng hương trái cây. Những búp trà phủ lông trắng (silver tips) cũng là một đặc điểm nổi bật của sản phẩm.",Drinking / gift ,Please confirm ingredients before order.,
T-RTYSC25,Food & Beverage,Tea,Black Tea,,no,和紅茶 - 2025 いずみ 1st No.3 フラワームーン 25g,Japanese Black Tea – 2025 Izumi 1st No.3 – Flower Moon (25 g),"Trà đen Nhật Bản – Izumi 2025, lứa hái đầu tiên No.3 ""Flower Moon"" (25 g)",assets/images/Japanese-Black-Tea-2025-Izumi-1st-No-3-Flower-Moon-25-g.jpg,25g,,730 days,Room temperature,Japan,,TBD,Quotation required,半世紀以上前に輸出向けとして育成され、当園で復活した希少品種「いずみ」を使用した和紅茶。スイカズラの花を思わせる甘く爽やかな香りと、柑橘を感じさせるトップノート、ほのかなミルキーな余韻が特長。繊細な香りとしっかりとした味わいを備える。,"Japanese black tea made from the rare Izumi cultivar, originally developed for export over half a century ago and later revived at our tea farm. It features a sweet, refreshing aroma reminiscent of honeysuckle blossoms, bright citrus top notes, and a subtle milky finish. Delicate in aroma with a rich, well-structured flavor.","Trà đen Nhật Bản được làm từ giống trà quý hiếm Izumi, được phát triển cho mục đích xuất khẩu từ hơn nửa thế kỷ trước và được phục hồi tại nông trại của chúng tôi. Nổi bật với hương thơm ngọt thanh gợi nhớ hoa kim ngân, hương đầu thoảng vị cam quýt và hậu vị phảng phất vị sữa. Hương thơm tinh tế cùng hương vị đậm đà, cân bằng.",Drinking / gift ,Please confirm ingredients before order.,
T-RTYSC26,Food & Beverage,Tea,Black Tea,,no,和紅茶 - 2025 やぶきた実生 1st No.1 グリニッシュ 25g,"Japanese Black Tea – 2025 Yabukita Seedling 1st No.1 ""Greenish"" (25 g)","Trà đen Nhật Bản – Yabukita thực sinh, vụ 2025, lứa hái đầu tiên No.1 ""Greenish"" (25 g)",assets/images/Japanese-Black-Tea-2025-Yabukita-Seedling-1st-No-1-Greenish-25-g.jpg,25g,,730 days,Room temperature,Japan,,TBD,Quotation required,樹齢50年以上の希少な茶樹「やぶきた実生」を使用した和紅茶。浅めの発酵により、花を思わせるグリニッシュな香りと爽やかな味わいが広がり、冷めるにつれて柑橘を思わせる香りが現れる。実生ならではの豊かな香味と奥行きのある味わいが特長。,"Japanese black tea made from the rare Yabukita Seedling tea trees, grown from seed and over 50 years old. Lightly oxidized, it features a green, floral aroma with a fresh, clean taste that gradually develops citrus notes as the tea cools. Its seed-grown origin gives the tea a rich aroma and remarkable depth of flavor.","Trà đen Nhật Bản được làm từ giống trà quý hiếm Yabukita thực sinh, trồng từ hạt và có tuổi đời trên 50 năm. Quá trình lên men nhẹ tạo nên hương thơm xanh mát pha hương hoa cùng vị thanh nhẹ, khi nguội dần sẽ xuất hiện hương cam quýt rõ nét. Đặc trưng bởi hương vị phong phú và chiều sâu riêng của giống trà thực sinh.",Drinking / gift ,Please confirm ingredients before order.,
T-RTYSC27,Food & Beverage,Tea,Black Tea,,no,和紅茶 - 2025 いずみ 2nd No.2 アンバーサンセット 25g,"Japanese Black Tea – 2025 Izumi 2nd No.2 ""Amber Sunset"" (25 g)","Trà đen Nhật Bản – Izumi, vụ 2025, lứa hái thứ hai No.2 ""Amber Sunset"" (25 g)",assets/images/Japanese-Black-Tea-2025-Izumi-2nd-No-2-Amber-Sunset-25-g.jpg,25g,,730 days,Room temperature,Japan,,TBD,Quotation required,半世紀以上前に輸出向けとして育成された希少品種「いずみ」を使用した和紅茶。南国の果実を思わせる甘くフルーティーな香りと、幾重にも広がる風味、やわらかなコクのある余韻が特長。深めの発酵により、フルーツ系やチョコレート系のスイーツとの相性に優れる。,"Japanese black tea made from the rare Izumi cultivar, originally developed for export over half a century ago. It features a sweet, tropical fruit-like aroma, layered flavors, and a soft, mellow finish. Its deeper oxidation pairs well with fruit-based pastries and chocolate desserts.","Trà đen Nhật Bản được làm từ giống trà quý hiếm Izumi, được phát triển cho mục đích xuất khẩu từ hơn nửa thế kỷ trước. Nổi bật với hương thơm ngọt gợi nhớ trái cây nhiệt đới, hương vị nhiều tầng cùng hậu vị mềm mại, đậm đà. Quá trình lên men sâu giúp trà kết hợp hài hòa với các món bánh trái cây và món tráng miệng từ sô-cô-la.",Drinking / gift ,Please confirm ingredients before order.,
T-RTYSC28,Food & Beverage,Tea,Green Tea,,no,さしま茶 ティーバッグ 10個入り,Sashima Green Tea – Tea Bags (10 pcs),Trà Sashima – Gói 10 túi trà,assets/images/Sashima-Green-Tea-Tea-Bags-10-pcs.jpg,2g×10P,,365 days,Room temperature,Japan,,TBD,Quotation required,オリジナルブレンドの煎茶ティーバッグ。茶葉が広がりやすい三角ティーバッグを採用し、急須で淹れたような豊かな香りと深い味わいが特長。「おくみどり」の深みと「ほくめい」の華やかな香りを生かしたブレンド。,"A signature blend of sencha in pyramid tea bags that allow the tea leaves to expand fully, delivering a rich aroma and full-bodied flavor similar to traditionally brewed tea. Blended with Okumidori for depth and Hokumei for its elegant fragrance.","Trà sencha phối trộn đặc biệt, sử dụng túi lọc hình tam giác giúp lá trà nở đều, mang đến hương thơm phong phú và hương vị đậm đà như pha bằng ấm trà. Kết hợp giống Okumidori tạo chiều sâu hương vị và giống Hokumei với hương thơm thanh nhã.",Drinking / gift ,Please confirm ingredients before order.,
T-RTYSC29,Food & Beverage,Tea,Green Tea,,no,煎茶「さしま茶」100g,Sencha “Sashima Tea” (100g),Trà sencha Sashima (100 g),assets/images/Sencha-Sashima-Tea-100g.jpg,100g,,365 days,Room temperature,Japan,,TBD,Quotation required,「やぶきた」品種を使用した煎茶。爽やかな香りとすっきりとした後味が特長で、湯温によって異なる風味を楽しめる。日常使いから贈答用まで幅広く親しまれている。,"Sencha made from the Yabukita cultivar. It features a fresh aroma and a clean, refreshing finish, with different flavor profiles depending on the brewing temperature. Suitable for both everyday enjoyment and gifting.","Trà sencha được làm từ giống Yabukita. Nổi bật với hương thơm tươi mát và hậu vị thanh sạch, hương vị thay đổi theo nhiệt độ pha trà. Phù hợp để thưởng thức hằng ngày hoặc làm quà tặng.",Drinking / gift ,Please confirm ingredients before order.,
T-RTYSC30,Food & Beverage,Tea,Green Tea,,no,煎茶「はるみどり」80g,Sencha “Harumidori” (80g),Trà sencha Harumidori (80 g),assets/images/Sencha-Harumidori-80g.jpg,80g,,365 days,Room temperature,Japan,,TBD,Quotation required,「はるみどり」品種を使用した煎茶。春の若芽を思わせる爽やかな香りと、渋みの少ないやさしい味わいが特長。すっきりとした後味が心地よく広がる。,"Sencha made from the Harumidori cultivar. It features a fresh aroma reminiscent of spring tea shoots, a smooth taste with little astringency, and a clean, refreshing finish.","Trà sencha được làm từ giống Harumidori. Nổi bật với hương thơm tươi mát gợi nhớ những chồi trà mùa xuân, vị dịu nhẹ, ít chát và hậu vị thanh mát.",Drinking / gift ,Please confirm ingredients before order.,
T-RTYSC31,Food & Beverage,Tea,Matcha Tea,,no,抹茶入玄米茶 180g,Matcha Genmaicha (180g),Trà gạo rang pha matcha (180 g),assets/images/Matcha-Genmaicha-180g.jpg,180g,,365 days,Room temperature,Japan,,TBD,Quotation required,国産玄米と国産抹茶を使用した抹茶入玄米茶。香ばしい玄米の香りと抹茶のまろやかな旨み、煎茶のすっきりとした味わいが調和したブレンド。温茶・冷茶のどちらでも楽しめる。,"Genmaicha blended with Japanese matcha, made from domestically grown roasted rice and matcha. It combines the nutty aroma of roasted rice, the mellow richness of matcha, and the clean taste of sencha. Suitable for both hot and cold brewing.","Trà gạo rang pha matcha được làm từ gạo rang và matcha sản xuất tại Nhật Bản. Hài hòa giữa hương thơm bùi của gạo rang, vị đậm dịu của matcha và hương vị thanh mát của trà sencha. Thích hợp dùng nóng hoặc lạnh.",Drinking / gift ,Please confirm ingredients before order.,
T-RTYSC32,Food & Beverage,Tea,Green Tea,,no,煎茶「ほくめい」80g,Sencha “Hokumei” (80g),Trà sencha Hokumei (80 g),assets/images/Sencha-Hokumei-80g.jpg,80g,,365 days,Room temperature,Japan,,TBD,Quotation required,「ほくめい」品種を使用した煎茶。爽やかな香りとしっかりとした味わい、心地よい渋みが特長。コクのある力強い風味を楽しめる。,"Sencha made from the Hokumei cultivar. It features a fresh aroma, a rich and full-bodied taste, and a pleasant astringency, offering a well-rounded flavor with depth.","Trà sencha được làm từ giống Hokumei. Nổi bật với hương thơm tươi mát, vị đậm đà cùng độ chát dễ chịu, tạo nên hương vị cân bằng và có chiều sâu.",Drinking / gift ,Please confirm ingredients before order.,
T-RTYSC34,Food & Beverage,Tea,Black Tea,,no,焙煎紅茶 - いずみ 春摘み 釜炒りほうじ茶 20g,"Roasted Black Tea – Izumi, Spring Harvest, Pan-Fired Hojicha (20g)","Trà đen rang – Izumi, vụ xuân, rang chảo (20 g)",assets/images/Roasted-Black-Tea-Izumi-Spring-Harvest-Pan-Fired-Hojicha-20g.jpg,20g,,365 days,Room temperature,Japan,,TBD,Quotation required,半世紀以上前に輸出向けとして育成された「いずみ」品種の和紅茶を、鋳物の厚釜でじっくり焙煎した焙煎紅茶。ほのかに香ばしくフルーティーな香りと、ミルキーな余韻、幾重にも広がる奥深い味わいが特長。,"Roasted Japanese black tea made from the Izumi cultivar, originally developed for export over half a century ago and carefully roasted in a thick cast-iron kettle. It features a lightly roasted, fruity aroma, a subtle milky finish, and layered flavors with remarkable depth.","Trà đen Nhật Bản rang được làm từ giống Izumi, được phát triển cho mục đích xuất khẩu từ hơn nửa thế kỷ trước và rang chậm trong chảo gang dày. Nổi bật với hương rang nhẹ hòa quyện hương trái cây, hậu vị thoảng vị sữa và hương vị nhiều tầng, có chiều sâu.",Drinking / gift ,Please confirm ingredients before order.,
T-RTYSC35,Food & Beverage,Tea,Houjicha Tea,,no,ほうじ茶 ティーバッグ 10個入り,Hojicha Tea Bags (10 pcs),Trà houjicha (10 túi trà),assets/images/Hojicha-Tea-Bags-10-pcs.jpg,20g,,365 days,Room temperature,Japan,,TBD,Quotation required,一番茶の上質な茎を使用したくきほうじ茶ティーバッグ。茶葉が広がりやすい三角ティーバッグを採用し、香ばしい香りとまろやかな甘み、すっきりとした後味が特長。短時間で焙煎する砂炒り焙煎製法により、雑味の少ない味わいに仕上げている。,"Stem hojicha tea bags made from premium first-flush tea stems. The pyramid tea bags allow the tea leaves to expand fully, delivering a roasted aroma, mellow sweetness, and a clean finish. Roasted using the traditional sand-roasting method for a smooth flavor with minimal bitterness.","Trà houjicha cọng dạng túi lọc được làm từ phần cọng của lứa trà đầu tiên. Túi lọc hình tam giác giúp lá trà nở đều, mang đến hương rang thơm, vị ngọt dịu và hậu vị thanh sạch. Được rang bằng phương pháp rang cát truyền thống trong thời gian ngắn, tạo nên hương vị mượt mà với rất ít vị gắt.",Drinking / gift ,Please confirm ingredients before order.,
T-RTYSC37,Food & Beverage,Tea,Green Tea,,no,詰め放題 260g以上,All-You-Can-Pack (260g or more),Gói đóng đầy (từ 260 g trở lên),assets/images/All-You-Can-Pack-260g-or-more.jpg,260g～,,365 days,Room temperature,Japan,,TBD,Quotation required,一番茶のみを贅沢にブレンドした大容量タイプの煎茶。まろやかな旨みと爽やかな香りが調和し、毎日のティータイムや食事とともに楽しめる。,"A large-size sencha blended exclusively from first-flush tea leaves. It offers a harmonious balance of mellow umami and fresh aroma, making it suitable for everyday tea drinking and pairing with meals.","Trà sencha dung lượng lớn, được phối trộn hoàn toàn từ lứa trà đầu tiên. Hài hòa giữa vị umami dịu nhẹ và hương thơm tươi mát, phù hợp để thưởng thức hằng ngày hoặc dùng cùng bữa ăn.",Drinking / gift ,Please confirm ingredients before order.,
T-RTYSC38,Food & Beverage,Tea,Green Tea,,no,春摘み緑茶&Lemongrass 30g,Spring-Harvest Green Tea & Lemongrass (30g),Trà xanh vụ xuân & Sả (30 g),assets/images/Spring-Harvest-Green-Tea-Lemongrass-30g.jpg,30g,, --days,Room temperature,Japan,,TBD,Quotation required,爽やかな旨みのさしま茶と国産レモングラスをブレンドしたハーブティー。レモングラスは農薬不使用・有機肥料で栽培し、煎茶の乾燥技術を用いて香りと鮮度を保っている。爽やかな香りと緑茶の調和が特長。,A blend of Sashima green tea and Japanese-grown lemongrass. The lemongrass is cultivated without pesticides using organic fertilizers and dried with a sencha-processing technique to preserve its freshness and aroma. It offers a refreshing harmony of green tea and lemongrass.,"Sự kết hợp giữa trà xanh Sashima và sả trồng tại Nhật Bản. Sả được canh tác không sử dụng thuốc bảo vệ thực vật, dùng phân bón hữu cơ và sấy bằng kỹ thuật chế biến trà sencha để giữ được hương thơm và độ tươi. Nổi bật với sự hài hòa giữa hương thơm tươi mát của sả và trà xanh.",Drinking / gift ,Please confirm ingredients before order.,
T-RTYSC39,Food & Beverage,Tea,Green Tea,,no,煎茶「やぶきた茶　若草」 100g,Sencha “Yabukita Wakakusa” (100g),"Trà sencha Yabukita ""Wakakusa"" (100 g)",assets/images/Sencha-Yabukita-Wakakusa-100g.jpg,100g,,365 days,Room temperature,Japan,,TBD,Quotation required,優良品種「やぶきた」を使用した煎茶。一番茶の中盤に摘採した茶葉を使用し、厚みのある旨みとほどよい渋みが調和した味わいが特長。,Sencha made from the premium Yabukita cultivar using tea leaves harvested during the middle stage of the first flush. It offers a well-balanced flavor with rich umami and a pleasant level of astringency.,"Trà sencha được làm từ giống trà chất lượng cao Yabukita, sử dụng lá trà thu hoạch vào giai đoạn giữa của lứa trà đầu tiên. Nổi bật với vị umami đậm đà hòa quyện cùng độ chát vừa phải, tạo nên hương vị cân bằng.",Drinking / gift ,Please confirm ingredients before order.,
T-RTYSC40,Food & Beverage,Tea,Green Tea,,no,煎茶「やぶきた茶　桃」 100g,Sencha “Yabukita Peach” (100g),"Trà sencha Yabukita ""Momo"" (100 g)",assets/images/Sencha-Yabukita-Peach-100g.jpg,100g,,365 days,Room temperature,Japan,,TBD,Quotation required,優良品種「やぶきた」を使用した煎茶。一番茶の前半に摘採した充実した茶芽を使用し、豊かな旨みとまろやかな味わいが特長。飲みやすく、ほどよい渋みが調和している。,"Sencha made from the premium Yabukita cultivar using well-developed tea buds harvested during the early stage of the first flush. It features rich umami, a smooth taste, and a well-balanced, pleasant astringency.","Trà sencha được làm từ giống trà chất lượng cao Yabukita, sử dụng những búp trà phát triển tốt được thu hoạch vào giai đoạn đầu của lứa trà đầu tiên. Nổi bật với vị umami đậm đà, vị trà êm dịu và độ chát cân bằng, dễ thưởng thức.",Drinking / gift ,Please confirm ingredients before order.,
T-RTYSC41,Food & Beverage,Tea,Genmai Tea,,no,玄米茶 ティーバッグ 10個入り,Genmaicha Tea Bags (10 pcs),Trà gạo rang – Gói 10 túi trà,assets/images/Genmaicha-Tea-Bags-10pcs.jpg,20g,,365 days,Room temperature,Japan,,TBD,Quotation required,「おくみどり」品種の煎茶をブレンドした玄米茶ティーバッグ。茶葉が広がりやすい三角ティーバッグを採用し、香ばしい玄米の香りと煎茶のコク、すっきりとした余韻が調和した味わいが特長。,"Genmaicha tea bags blended with Okumidori sencha. The pyramid tea bags allow the tea leaves to expand fully, creating a balanced flavor with the roasted aroma of brown rice, the rich taste of sencha, and a clean finish.","Trà gạo rang dạng túi lọc được phối trộn với trà sencha giống Okumidori. Túi lọc hình tam giác giúp lá trà nở đều, mang đến sự hài hòa giữa hương thơm bùi của gạo rang, vị đậm đà của sencha và hậu vị thanh mát.",Drinking / gift ,Please confirm ingredients before order.,
T-RTYSC42,Food & Beverage,Tea,Green Tea,,no,粉末緑茶 50g,Green Tea Powder (50g),Trà xanh dạng bột (50 g),assets/images/Green-Tea-Powder-50g.jpg,50g,, --days,Room temperature,Japan,,TBD,Quotation required,さしま茶の一番茶のみを使用した粉末緑茶。水やお湯に溶けやすく、茶葉をまるごと使用することで、お茶本来の風味を楽しめる。飲み物だけでなく、菓子や料理にも幅広く使用できる。,"Powdered green tea made exclusively from first-flush Sashima tea leaves. It dissolves easily in both hot and cold water, allowing the whole tea leaf to be enjoyed. Suitable for beverages as well as desserts and cooking.","Trà xanh dạng bột được làm hoàn toàn từ lứa trà đầu tiên của trà Sashima. Dễ hòa tan trong nước nóng hoặc lạnh, sử dụng toàn bộ lá trà để giữ trọn hương vị tự nhiên. Phù hợp để pha đồ uống, làm bánh và chế biến món ăn.",Drinking / gift ,Please confirm ingredients before order.,
T-RTYSC44,Food & Beverage,Tea,Herbal Tea,,no,ハーブティー「utatane〜うたたね〜」(FOR GOOD SLEEP) 20g,"Herbal Tea ""Utatane"" (For Good Sleep) (20 g)","Trà thảo mộc ""Utatane"" – Hỗ trợ giấc ngủ ngon (20 g)",assets/images/Herbal-Tea-Utatane-For-Good-Sleep-20-g.jpg,20g,,365 days,Room temperature,Japan,,TBD,Quotation required,5種類の有機ハーブ（リンデン、オレンジブロッサム、ローズレッド、ジャーマンカモミール、パッションフラワー）をブレンドしたハーブティー。やさしい花の香りとほのかな甘さが調和し、穏やかで心地よいティータイムを演出する。,"A herbal tea blended with five organic herbs: linden, orange blossom, red rose petals, German chamomile, and passionflower. It features a gentle floral aroma with subtle sweetness, creating a calm and soothing tea experience.","Trà thảo mộc được phối trộn từ năm loại thảo mộc hữu cơ: hoa đoạn (linden), hoa cam (orange blossom), cánh hoa hồng đỏ, cúc Đức (German chamomile) và lạc tiên (passionflower). Hương hoa dịu nhẹ hòa quyện cùng vị ngọt thanh, mang đến trải nghiệm thưởng trà êm dịu và thư thái.",Drinking / gift ,Please confirm ingredients before order.,
T-RTYSC49,Food & Beverage,Tea,Herbal Tea,,no,ハーブティー「hodoku〜ほどく〜」(FOR STRESS REFRESHING) 20g,"Herbal Tea ""Hodoku"" – For Stress Refreshing (20 g)","Trà thảo mộc ""Hodoku"" – Thư giãn và làm mới tinh thần (20 g)",assets/images/Herbal-Tea-Hodoku-For-Stress-Refreshing-20-g.jpg,20g,,365 days,Room temperature,Japan,,TBD,Quotation required,ペパーミント、レモングラス、レモンバーベナ、ローズマリーをブレンドしたハーブティー。ミントとレモンを思わせる爽やかな香りに、ローズマリーのすっきりとした風味が調和した、軽やかな味わいが特長。,"A herbal tea blended with peppermint, lemongrass, lemon verbena, and rosemary. It features refreshing mint and citrus notes complemented by the clean, aromatic character of rosemary, creating a light and well-balanced flavor.","Trà thảo mộc được phối trộn từ bạc hà, sả, cỏ roi ngựa chanh (lemon verbena) và hương thảo (rosemary). Nổi bật với hương bạc hà và hương chanh tươi mát hòa quyện cùng hương thơm thảo mộc của hương thảo, tạo nên hương vị nhẹ nhàng và cân bằng.",Drinking / gift ,Please confirm ingredients before order.,
T-RTYSC50,Food & Beverage,Tea,Herbal Tea,,no,ハーブティー「Michiru 〜みちる〜」(FOR BEAUTY) 20g,"Herbal Tea ""Michiru"" – For Beauty (20 g)","Trà thảo mộc ""Michiru"" – Dành cho sắc đẹp (20 g)",assets/images/Herbal-Tea-Michiru-For-Beauty-20-g.jpg,20g,,365 days,Room temperature,Japan,,TBD,Quotation required,ローズヒップ、ハイビスカス、ネトル、ラズベリーリーフ、ルイボスをブレンドした有機ハーブティー。ほどよい酸味とやさしい甘みが調和し、鮮やかな赤色とフルーティーな風味を楽しめる。,"An organic herbal tea blended with rosehip, hibiscus, nettle, raspberry leaf, and rooibos. It offers a vibrant ruby-red infusion with a pleasant balance of fruity tartness and gentle sweetness.","Trà thảo mộc hữu cơ được phối trộn từ tầm xuân (rosehip), hibiscus, tầm ma (nettle), lá mâm xôi (raspberry leaf) và rooibos. Nổi bật với sắc đỏ rực rỡ cùng hương vị hài hòa giữa vị chua thanh của trái cây và vị ngọt dịu tự nhiên.",Drinking / gift ,Please confirm ingredients before order.,
T-RTYSC45,Food & Beverage,Tea,Green Tea,,no,煎茶 「ほくめい」スタンドパック 40g,Sencha “Hokumei” Stand-up Pouch (40g),Trà sencha Hokumei – Túi đứng (40 g),assets/images/Sencha-Hokumei-Stand-up-Pouch-40g.jpg,40g,,365 days,Room temperature,Japan,,TBD,Quotation required,爽やかな香りとしっかりとした味わいが特長の「ほくめい」品種の煎茶。ほどよい渋みと飲みごたえのある風味を楽しめる。保存に便利なチャック付きスタンドパックを採用。,"Sencha made from the Hokumei cultivar, featuring a fresh aroma, a full-bodied taste, and a pleasant astringency. Packed in a resealable stand-up pouch for convenient storage.","Trà sencha được làm từ giống Hokumei, nổi bật với hương thơm tươi mát, vị đậm đà và độ chát dễ chịu. Đóng gói trong túi đứng có khóa zip, thuận tiện cho việc bảo quản.",Drinking / gift ,Please confirm ingredients before order.,
T-RTYSC46,Food & Beverage,Tea,Green Tea,,no,煎茶「おくみどり」 スタンドパック40g,Sencha “Okumidori” Stand-up Pouch (40g),Trà sencha Okumidori – Túi đứng (40 g),assets/images/Sencha-Okumidori-Stand-up-Pouch-40g.jpg,40g,,365 days,Room temperature,Japan,,TBD,Quotation required,やわらかな味わいと、ほどよい渋み、甘み（うま味）のバランスが特長の「おくみどり」品種の煎茶。飲みごたえがあり、爽やかな余韻を楽しめる。保存に便利なチャック付きスタンドパックを採用。,"Sencha made from the Okumidori cultivar, offering a smooth taste with a balanced combination of gentle astringency and natural umami. It delivers a full-bodied flavor with a refreshing finish. Packed in a resealable stand-up pouch for convenient storage.","Trà sencha được làm từ giống Okumidori, nổi bật với hương vị êm dịu, cân bằng giữa vị chát nhẹ và vị umami tự nhiên. Hậu vị thanh mát cùng hương vị đậm đà đặc trưng. Đóng gói trong túi đứng có khóa zip, thuận tiện cho việc bảo quản.",Drinking / gift ,Please confirm ingredients before order.,
T-RTYSC47,Food & Beverage,Tea,Green Tea,,no,煎茶「はるみどり」 スタンドパック40g,Sencha “Harumidori” Stand-up Pouch (40g),Trà sencha Harumidori – Túi đứng (40 g),assets/images/Sencha-Harumidori-Stand-up-Pouch-40g.jpg,40g,,365 days,Room temperature,Japan,,TBD,Quotation required,春の若芽を思わせる爽やかな香りと、渋みの少ないやさしい味わいが特長の「はるみどり」品種の煎茶。まろやかな口当たりと爽やかな余韻を楽しめる。保存に便利なチャック付きスタンドパックを採用。,"Sencha made from the Harumidori cultivar, featuring a fresh aroma reminiscent of spring tea shoots and a smooth taste with little astringency. It offers a mellow flavor and a refreshing finish. Packed in a resealable stand-up pouch for convenient storage.","Trà sencha được làm từ giống Harumidori, nổi bật với hương thơm tươi mát gợi nhớ những chồi trà mùa xuân và hương vị dịu nhẹ, ít chát. Vị trà êm mượt cùng hậu vị thanh mát. Đóng gói trong túi đứng có khóa zip, thuận tiện cho việc bảo quản.",Drinking / gift ,Please confirm ingredients before order.,
T-RTYSC48,Food & Beverage,Tea,Green Tea,,no,煎茶「やぶきた」 スタンドパック40g,Sencha “Yabukita” Stand-up Pouch (40g),Trà sencha Yabukita – Túi đứng (40 g),assets/images/Sencha-Yabukita-Stand-up-Pouch-40g.jpg,40g,,365 days,Room temperature,Japan,,TBD,Quotation required,2か所の茶畑で育てた「やぶきた」品種をブレンドした煎茶。香り、甘み、渋み、うま味のバランスが良く、まろやかな味わいが特長。保存に便利なチャック付きスタンドパックを採用。,"Sencha blended from Yabukita tea leaves grown in two tea fields. It offers a well-balanced combination of aroma, natural sweetness, gentle astringency, and umami with a smooth, mellow taste. Packed in a resealable stand-up pouch for convenient storage.","Trà sencha được phối trộn từ lá trà giống Yabukita trồng tại hai vùng chè. Nổi bật với sự cân bằng giữa hương thơm, vị ngọt tự nhiên, vị chát nhẹ và vị umami, mang đến hương vị êm dịu. Đóng gói trong túi đứng có khóa zip, thuận tiện cho việc bảo quản.",Drinking / gift ,Please confirm ingredients before order.,
T-RTYSC51,Food & Beverage,Tea,Green Tea,,no,最高級煎茶 100g,Premium Sencha (100 g),Trà sencha thượng hạng (100 g),assets/images/Premium-Sencha-100g.jpg,100g,,365 days,Room temperature,Japan,,TBD,Quotation required,品評会出品用に厳選した茶葉のみを使用した最高級煎茶。初摘みのやわらかな茶芽を使用し、コクのあるまろやかなうま味と爽やかな余韻が特長。冷茶や氷出し緑茶にも適している。,"Premium sencha made exclusively from carefully selected tea leaves prepared for tea competitions. Crafted from tender first-flush tea buds, it features rich umami, a smooth full-bodied taste, and a refreshing finish. Suitable for both hot brewing and cold-brewed or ice-brewed green tea.","Trà sencha thượng hạng được làm từ những lá trà tuyển chọn dành cho các cuộc thi đánh giá chất lượng trà. Sử dụng búp trà đầu vụ non mềm, nổi bật với vị umami đậm đà, hương vị êm mượt và hậu vị thanh mát. Thích hợp để pha nóng hoặc pha lạnh, kể cả trà xanh ủ đá.",Drinking / gift ,Please confirm ingredients before order.,
T-RTNFS01,Food & Beverage,Tea,Black Tea,,no,自然薯入り紅茶,Japanese Wild Yam Black Tea,Hồng trà pha củ từ Nhật,assets/images/Japanese-Wild-Yam-Black-Tea.jpg,15g,,720 days,Room temperature,Japan,,TBD,Quotation required,茨城県産の紅茶に、焙煎した茨城県産自然薯の粉末をブレンドした紅茶。自然薯の香ばしい香りと紅茶のまろやかな風味が調和した味わいを楽しめる。ティーバッグタイプ。,"Black tea blended with roasted Japanese wild yam (jinenjo) powder, both sourced from Ibaraki Prefecture. It features a delicate roasted aroma of wild yam complemented by the smooth flavor of black tea. Available in tea bags.","Trà đen được phối trộn với bột củ từ Nhật (jinenjo) rang, cả hai nguyên liệu đều có nguồn gốc từ tỉnh Ibaraki. Nổi bật với hương thơm rang nhẹ của củ từ hòa quyện cùng hương vị êm dịu của trà đen. Dạng túi lọc.",Drinking / gift ,Please confirm ingredients before order.,
T-RTNFS02,Food & Beverage,Tea,Houjicha Tea,,no,自然薯入りほうじ茶,Japanese Wild Yam Hojicha,Trà Hojicha pha củ từ Nhật,assets/images/Japanese-Wild-Yam-Hojicha.jpg,15g,,720 days,Room temperature,Japan,,TBD,Quotation required,茨城県産のほうじ茶に、焙煎した茨城県産自然薯の粉末をブレンドしたほうじ茶。香ばしい焙煎の香りと、自然薯のまろやかな風味が調和した味わいを楽しめる。ティーバッグタイプ。,"Roasted green tea (hojicha) blended with roasted Japanese wild yam (jinenjo) powder, both sourced from Ibaraki Prefecture. It combines the rich roasted aroma of hojicha with the mellow flavor of wild yam. Available in tea bags.","Trà houjicha được phối trộn với bột củ từ Nhật (jinenjo) rang, cả hai nguyên liệu đều có nguồn gốc từ tỉnh Ibaraki. Hương thơm rang đặc trưng của houjicha hòa quyện cùng vị êm dịu của củ từ, tạo nên hương vị hài hòa. Dạng túi lọc.",Drinking / gift ,Please confirm ingredients before order.,
T-RTMSC01,Food & Beverage,Tea,Green Tea,,no,猿島茶ティーバッグ,Sashima Tea Tea Bags,Trà Sashima – Túi lọc,assets/images/Sashima-Tea-Tea-Bags.jpg,5g×50P,,720 days,Room temperature,Japan,,TBD,Quotation required,渋みが少なく、やさしい味わいが特長のさしま茶ティーバッグ。水出し・お湯出しのどちらにも対応し、手軽に楽しめる。50袋入り。,"Sashima tea bags featuring a smooth, mild taste with very little astringency. Suitable for both hot and cold brewing, offering a convenient way to enjoy tea anytime. Contains 50 tea bags.","Trà Sashima dạng túi lọc với hương vị dịu nhẹ và rất ít vị chát. Thích hợp để pha nóng hoặc pha lạnh, tiện lợi cho sử dụng hằng ngày. Hộp gồm 50 túi trà.",Drinking / gift ,Please confirm ingredients before order.,
T-RTMSC02,Food & Beverage,Tea,Houjicha Tea,,no,水出しほうじ茶,Cold Brew Hojicha,Trà houjicha pha lạnh,assets/images/Cold-Brew-Hojicha.jpg,5g×50P,,720 days,Room temperature,Japan,,TBD,Quotation required,ほうじ茶ならではの香ばしい焙煎の香りと、やさしい味わいが特長の水出しほうじ茶。水出し・お湯出しのどちらにも対応し、手軽に楽しめる。50袋入り。,"Cold-brew hojicha tea bags featuring the signature roasted aroma of hojicha and a smooth, mellow taste. Suitable for both hot and cold brewing, offering a convenient way to enjoy tea anytime. Contains 50 tea bags.","Trà houjicha pha lạnh dạng túi lọc với hương rang đặc trưng và hương vị dịu nhẹ. Thích hợp để pha nóng hoặc pha lạnh, tiện lợi cho sử dụng hằng ngày. Hộp gồm 50 túi trà.",Drinking / gift ,Please confirm ingredients before order.,
T-RTMSC03,Food & Beverage,Tea,Genmai Tea,,no,水出し玄米茶,Cold Brew Genmaicha,Trà gạo rang pha lạnh,assets/images/Cold-Brew-Genmaicha.jpg,5g×50P,,720 days,Room temperature,Japan,,TBD,Quotation required,香ばしい玄米の風味と、やさしい味わいが特長の水出し玄米茶。水出し・お湯出しのどちらにも対応し、手軽に楽しめる。50袋入り。,"Cold-brew genmaicha tea bags featuring the nutty aroma of roasted rice and a smooth, mellow taste. Suitable for both hot and cold brewing, offering a convenient way to enjoy tea anytime. Contains 50 tea bags.","Trà gạo rang pha lạnh dạng túi lọc với hương thơm đặc trưng của gạo rang và hương vị dịu nhẹ. Thích hợp để pha nóng hoặc pha lạnh, tiện lợi cho sử dụng hằng ngày. Hộp gồm 50 túi trà.",Drinking / gift ,Please confirm ingredients before order.,
T-RTMSC04,Food & Beverage,Tea,Black Tea,,no,水出し和紅茶,Cold Brew Japanese Black Tea,Hồng trà pha lạnh,assets/images/Cold-Brew-Japanese-Black-Tea.jpg,5g×50P,,720 days,Room temperature,Japan,,TBD,Quotation required,すっきりとした味わいと、ほんのりとした自然な甘みが特長の水出し和紅茶。水出し・お湯出しのどちらにも対応し、手軽に楽しめる。50袋入り。,"Cold-brew Japanese black tea bags featuring a refreshing taste with a hint of natural sweetness. Suitable for both hot and cold brewing, offering a convenient way to enjoy tea anytime. Contains 50 tea bags.","Trà đen Nhật Bản pha lạnh dạng túi lọc với hương vị thanh mát và vị ngọt dịu tự nhiên. Thích hợp để pha nóng hoặc pha lạnh, tiện lợi cho sử dụng hằng ngày. Hộp gồm 50 túi trà.",Drinking / gift ,Please confirm ingredients before order.,
T-RTMSC05,Food & Beverage,Tea,Green Tea,,no,ひも付き猿島茶,Sashima Tea (String Tea Bags),Trà Sashima – Túi lọc có dây,assets/images/Sashima-Tea-String-Tea-Bags.jpg,2.5g×50P,,720 days,Room temperature,Japan,,TBD,Quotation required,渋みが少なく、まろやかな味わいが特長のさしま茶ティーバッグ。食事のお供にも適しており、湯呑用のひも付きティーバッグで手軽に楽しめる。,"Sashima tea bags featuring a smooth, mellow taste with very little astringency. Ideal for enjoying with meals and conveniently packed in string-tag tea bags for teacups.",Trà Sashima dạng túi lọc có dây với hương vị êm dịu và rất ít vị chát. Thích hợp dùng cùng bữa ăn và tiện lợi để pha trực tiếp trong tách trà.,Drinking / gift ,Please confirm ingredients before order.,
T-RTMSC06,Food & Beverage,Tea,Houjicha Tea,,no,ほうじ茶,Hojicha,Trà houjicha,assets/images/Hojicha.jpg,2.5g×50P,,720 days,Room temperature,Japan,,TBD,Quotation required,香ばしい焙煎の香りと、まろやかな味わいが特長のほうじ茶。カフェインが少なく、湯呑用のひも付きティーバッグで手軽に楽しめる。,"Hojicha featuring a rich roasted aroma and a smooth, mellow taste. Naturally low in caffeine and conveniently packed in string-tag tea bags for easy brewing in teacups.","Trà houjicha nổi bật với hương rang thơm đặc trưng và hương vị êm dịu. Hàm lượng caffeine thấp, dạng túi lọc có dây tiện lợi để pha trực tiếp trong tách trà.",Drinking / gift ,Please confirm ingredients before order.,
T-RTMSC07,Food & Beverage,Tea,Genmai Tea,,no,粉末猿島茶入り玄米茶,Genmaicha with Sashima Green Tea Powder,Trà gạo rang pha bột trà Sashima,assets/images/Genmaicha-with-Sashima-Green-Tea-Powder.jpg,2.5g×50P,,720 days,Room temperature,Japan,,TBD,Quotation required,猿島茶入りの緑茶と香ばしい玄米をバランスよくブレンドした玄米茶。湯呑用のひも付きティーバッグで、手軽に楽しめる。,"Genmaicha blended with Sashima green tea powder, combining the smooth taste of green tea with the roasted aroma of brown rice. Convenient string-tag tea bags designed for easy brewing in teacups.","Trà gạo rang phối trộn bột trà xanh Sashima, cân bằng giữa hương vị dịu nhẹ của trà xanh và hương thơm đặc trưng của gạo rang. Dạng túi lọc có dây, tiện lợi để pha trực tiếp trong tách trà.",Drinking / gift ,Please confirm ingredients before order.,
T-RTMSC08,Food & Beverage,Tea,Green Tea,,no,高級猿島茶,Premium Sashima Tea,Trà Sashima cao cấp,assets/images/Premium-Sashima-Tea.jpg,2.5g×50P,,720 days,Room temperature,Japan,,TBD,Quotation required,ブラックアーチ農法で栽培した高級猿島茶を使用したティーバッグ。濃い緑色と、豊かなうま味・甘みが特長で、手軽に本格的な味わいを楽しめる。,"Tea bags made with premium Sashima tea cultivated using the Black Arch farming method. They produce a deep green infusion with rich umami and natural sweetness, offering an authentic tea experience in a convenient format.","Trà Sashima cao cấp dạng túi lọc, được làm từ trà canh tác theo phương pháp Black Arch. Nước trà có màu xanh đậm, nổi bật với vị umami và vị ngọt tự nhiên, mang đến hương vị trà nguyên bản trong cách pha tiện lợi.",Drinking / gift ,Please confirm ingredients before order.,
T-RTMSC09,Food & Beverage,Tea,Green Tea,,no,伝統　猿島茶,Tradition Sashima Tea,Trà Sashima truyền thống,assets/images/Tradition-Sashima-Tea.jpg,85g,,720 days,Room temperature,Japan,,TBD,Quotation required,ブラックアーチ農法で栽培した伝統的な猿島茶。深い香りと豊かなうま味・甘みが調和した、味わい深い一品。,Traditional Sashima tea cultivated using the Black Arch farming method. It features a deep aroma with a rich balance of umami and natural sweetness.,rà Sashima truyền thống được canh tác theo phương pháp Black Arch. Nổi bật với hương thơm sâu lắng cùng sự cân bằng giữa vị umami đậm đà và vị ngọt tự nhiên.,Drinking / gift ,Please confirm ingredients before order.,
T-RTMSC10,Food & Beverage,Tea,Green Tea,,no,輝き　猿島茶,Sashima Tea – Kagayaki,Trà Sashima – Kagayaki,assets/images/Sashima-Tea-Kagayaki.jpg,85g,,720 days,Room temperature,Japan,,TBD,Quotation required,ブラックアーチ農法で栽培した猿島茶。深い香りと豊かなうま味・甘みが調和した、こだわりの味わいが特長。,Sashima tea cultivated using the Black Arch farming method. It features a deep aroma with a rich balance of umami and natural sweetness.,Trà Sashima được canh tác theo phương pháp Black Arch. Nổi bật với hương thơm sâu lắng cùng sự cân bằng giữa vị umami đậm đà và vị ngọt tự nhiên.,Drinking / gift ,Please confirm ingredients before order.,
T-RTMSC11,Food & Beverage,Tea,Green Tea,,no,真心　猿島茶,Sashima Tea – Magokoro,Trà Sashima – Magokoro,assets/images/Sashima-Tea-Magokoro.jpg,85g,,720 days,Room temperature,Japan,,TBD,Quotation required,ブラックアーチ農法で栽培した猿島茶。まろやかな味わいと豊かな風味が特長で、素材本来のおいしさを楽しめる。,"Sashima tea cultivated using the Black Arch farming method. It features a smooth taste with rich flavor, highlighting the natural character of the tea.","Trà Sashima được canh tác theo phương pháp Black Arch. Nổi bật với hương vị êm dịu và hương thơm đậm đà, thể hiện trọn vẹn đặc trưng tự nhiên của lá trà.",Drinking / gift ,Please confirm ingredients before order.,
T-RTMSC12,Food & Beverage,Tea,Green Tea,,no,王道　猿島茶,Sashima Tea – Ōdō,Trà Sashima – Ōdō,assets/images/Sashima-Tea-Odo.jpg,85g,,720 days,Room temperature,Japan,,TBD,Quotation required,ブラックアーチ農法で栽培した厳選茶葉を使用した最高級の猿島茶。深い香りと豊かなうま味・甘みが調和した、格別な味わいが特長。,The finest grade of Sashima tea made from carefully selected tea leaves cultivated using the Black Arch farming method. It features a deep aroma with rich umami and natural sweetness.,"Trà Sashima cao cấp nhất, được làm từ những lá trà tuyển chọn canh tác theo phương pháp Black Arch. Nổi bật với hương thơm sâu lắng cùng vị umami đậm đà và vị ngọt tự nhiên.",Drinking / gift ,Please confirm ingredients before order.,
T-RTMSC13,Food & Beverage,Tea,Green Tea,,no,和み　猿島茶,Sashima Tea – Nagomi,Trà Sashima – Nagomi,assets/images/Sashima-Tea-Nagomi.jpg,85g,,720 days,Room temperature,Japan,,TBD,Quotation required,栽培から製造まで一貫して管理した猿島茶。手頃な価格ながら、まろやかな味わいと確かな品質を兼ね備えた一品。,Sashima tea produced under an integrated process from cultivation to manufacturing. It offers a smooth taste and reliable quality at an affordable price.,Trà Sashima được quản lý theo quy trình khép kín từ khâu trồng trọt đến sản xuất. Hương vị êm dịu cùng chất lượng ổn định trong một sản phẩm có mức giá hợp lý.,Drinking / gift ,Please confirm ingredients before order.,
T-RTMSC14,Food & Beverage,Tea,Green Tea,,no,生活応援茶　猿島茶,Daily Support Sashima Tea,Trà Sashima dùng hằng ngày,assets/images/Daily-Support-Sashima-Tea.jpg,135g,,720 days,Room temperature,Japan,,TBD,Quotation required,栽培から製造まで一貫して管理した猿島茶。135gのたっぷりサイズで、手頃な価格と安定した品質を兼ね備えた一品。,Sashima tea produced under an integrated process from cultivation to manufacturing. A generous 135 g pack offering reliable quality at an affordable price.,"Trà Sashima được quản lý theo quy trình khép kín từ khâu trồng trọt đến sản xuất. 135 g trà với mức giá hợp lý, đảm bảo chất lượng ổn định cho nhu cầu sử dụng hằng ngày.",Drinking / gift ,Please confirm ingredients before order.,
T-RTMSC15,Food & Beverage,Tea,Green Tea,,no,深蒸し くき茶,Deep-Steamed Kukicha,Trà cành (kukicha) hấp sâu,assets/images/Deep-Steamed-Kukicha.jpg,85g,,720 days,Room temperature,Japan,,TBD,Quotation required,煎茶の製造工程で選別した茶茎を使用したくき茶。茎ならではの豊かな香りと、すっきりとした味わいが特長。,"Kukicha made from carefully selected tea stems separated during sencha production. It features a distinctive aroma from the stems and a clean, refreshing taste.","Trà cành (Kukicha) được làm từ phần cành trà tuyển chọn trong quá trình sản xuất sencha. Nổi bật với hương thơm đặc trưng của cành trà và hương vị thanh nhẹ, dễ uống.",Drinking / gift ,Please confirm ingredients before order.,
T-RTMSC16,Food & Beverage,Tea,Green Tea,,no,生あら茶,Fresh Aracha Tea,Trà aracha nguyên bản,assets/images/Fresh-Aracha-Tea.jpg,85g,,720 days,Room temperature,Japan,,TBD,Quotation required,摘みたての新茶を葉・茎・芽・粉までそのまま仕上げたあら茶。みずみずしい香りと、新芽ならではの濃厚なコクとうま味が特長。,"Aracha made from freshly harvested tea leaves without separating the leaves, stems, buds, or fine particles. It offers a fresh aroma with the rich umami and full-bodied flavor of young tea shoots.","Trà aracha được chế biến từ trà xuân mới hái, giữ nguyên cả lá, cành, búp và bột trà. Nổi bật với hương thơm tươi mát cùng vị umami đậm đà và hậu vị tròn đầy của búp trà non.",Drinking / gift ,Please confirm ingredients before order.,
T-RTMSC17,Food & Beverage,Tea,Green Tea,,no,極み　深むし茶,Ultimate Deep-Steamed Green Tea,Trà hấp sâu thượng hạng,assets/images/Ultimate-Deep-Steamed-Green-Tea.jpg,100g,,720 days,Room temperature,Japan,,TBD,Quotation required,松田製茶最高級の猿島茶。厳選した新芽のみを丁寧に仕上げ、豊かなうま味と上品な甘みを引き出した希少な一品。,"The finest grade of Sashima tea from Matsuda Seicha, crafted exclusively from carefully selected young tea buds. It offers rich umami, delicate sweetness, and exceptional rarity.","Dòng trà Sashima cao cấp nhất của Matsuda Seicha, được chế biến từ những búp trà non tuyển chọn. Nổi bật với vị umami đậm đà, vị ngọt thanh tao và sản lượng giới hạn.",Drinking / gift ,Please confirm ingredients before order.,
T-RTMSC18,Food & Beverage,Tea,Green Tea,,no,頂き　深むし茶,Peak Deep-Steamed Green Tea,Trà hấp sâu tinh tuyển,assets/images/Peak-Deep-Steamed-Green-Tea.jpg,100g,,720 days,Room temperature,Japan,,TBD,Quotation required,ブラックアーチ農法で育てた最高級の猿島茶。濃厚なうま味と深い味わいを楽しめる、最上級の一品。,"The highest-grade Sashima tea cultivated using the Black Arch farming method. It features rich umami and a deep, full-bodied flavor.",Dòng trà Sashima cao cấp nhất được canh tác theo phương pháp Black Arch. Nổi bật với vị umami đậm đà và hương vị sâu lắng đặc trưng.,Drinking / gift ,Please confirm ingredients before order.,
T-RTMSC19,Food & Beverage,Tea,Green Tea,,no,極渋茶 80g,Extra-Bitter Green Tea 80g,Trà vị chát đậm,assets/images/Extra-Bitter-Green-Tea-80g.jpg,80g,,720 days,Room temperature,Japan,,TBD,Quotation required,力強い渋みを引き出した深い味わいの緑茶。渋みをしっかり楽しみたい方に適した一品。,"A green tea with a bold, pronounced astringency and deep flavor. Ideal for those who appreciate a strong, robust tea taste.",Trà xanh nổi bật với vị chát đậm và hương vị sâu lắng. Phù hợp với những người yêu thích vị chát đặc trưng của trà Nhật.,Drinking / gift ,Please confirm ingredients before order.,
T-RTMSC20,Food & Beverage,Tea,Green Tea,,no,極渋茶 300g,Extra-Bitter Green Tea 300g,Trà vị chát đậm 300 g,assets/images/Extra-Bitter-Green-Tea-300g.jpg,300g,,720 days,Room temperature,Japan,,TBD,Quotation required,力強い渋みを追求した大容量タイプの極渋茶。キレのある渋みと深い余韻の中に、お茶本来のうま味を楽しめる一品。,"A value-size pack of Goku-Shibu Tea for those who enjoy a bold, pronounced astringency. It features a crisp, lingering finish balanced with the natural umami of green tea.","Phiên bản dung lượng lớn của trà vị chát đậm, dành cho những người yêu thích vị chát rõ nét của trà xanh Nhật. Nổi bật với vị chát sắc sảo, hậu vị sâu lắng và umami tự nhiên của lá trà.",Drinking / gift ,Please confirm ingredients before order.,
T-RTMSC21,Food & Beverage,Tea,Green Tea,,no,詰め放題 若緑,Wakamidori Tea,Trà Wakamidori,assets/images/Wakamidori-Tea.jpg,210g,,720 days,Room temperature,Japan,,TBD,Quotation required,イベントで人気の詰め放題商品をそのまま商品化した猿島茶。品質とたっぷり210gの内容量を兼ね備えた、お得な大容量タイプ。,A value-size Sashima tea inspired by the popular event-exclusive fill-your-bag offering. It combines the same trusted quality with a generous 210 g pack.,"Trà Sashima phiên bản gói tiết kiệm, được phát triển từ sản phẩm ""đóng đầy túi"" được yêu thích. Đóng gói với quy cách 210 g, màu nước trà đẹp, hương vị đậm đà và giá trị kinh tế vượt trội.",Drinking / gift ,Please confirm ingredients before order.,
T-RTMSC22,Food & Beverage,Tea,Green Tea,,no,詰め放題 濃緑,Kōmidori Tea,Trà Kōmidori,assets/images/Komidori-Tea.jpg,210g,,720 days,Room temperature,Japan,,TBD,Quotation required,イベントで人気の詰め放題商品をそのまま商品化した猿島茶。210gの大容量で、鮮やかな水色、豊かな風味、優れたコストパフォーマンスを兼ね備えた一品。,"A value-size Sashima tea inspired by the popular event-exclusive fill-your-bag offering. It comes in a generous 210 g pack, delivering an attractive liquor color, rich flavor, and excellent value.","Trà Sashima phiên bản gói tiết kiệm, được phát triển từ sản phẩm ""đóng đầy túi"" được yêu thích. Đóng gói với quy cách 210 g, màu nước trà đẹp, hương vị đậm đà và giá trị kinh tế vượt trội.",Drinking / gift ,Please confirm ingredients before order.,
T-RTMSC23,Food & Beverage,Tea,Houjicha Tea,,no,くきほうじ茶,Kuki Hojicha,Trà cành rang (Kuki Hojicha),assets/images/Kuki-Hojicha.jpg,100g,,720 days,Room temperature,Japan,,TBD,Quotation required,茶茎を香ばしく焙煎したほうじ茶。やさしい味わいと豊かな香りが特長で、カフェインが少なく飲みやすい一品。,"Kuki Hojicha made from roasted tea stems. It features a rich roasted aroma, a smooth, mellow taste, and naturally low caffeine.","Trà cành rang được chế biến từ cành trà rang thơm. Nổi bật với hương rang đặc trưng, vị êm dịu và hàm lượng caffeine tự nhiên thấp.",Drinking / gift ,Please confirm ingredients before order.,
T-RTMSC24,Food & Beverage,Tea,Genmai Tea,,no,北条米玄米茶,Hōjō Rice Genmaicha,Trà gạo rang Hōjō,assets/images/Hojo-Rice-Genmaicha.jpg,100g,,720 days,Room temperature,Japan,,TBD,Quotation required,茨城県つくば市産の特別栽培米「北条米」と猿島茶をブレンドした玄米茶。香ばしい玄米の風味と、まろやかな茶葉のうま味が調和した一品。,"Genmaicha blended with Sashima tea and Hōjō Rice, a specially cultivated rice from Tsukuba, Ibaraki. It offers a harmonious balance of roasted rice aroma and smooth tea umami.","Trà gạo rang được phối trộn từ trà Sashima và gạo Hōjō canh tác đặc biệt tại Tsukuba, tỉnh Ibaraki. Hương thơm của gạo rang hòa quyện cùng vị umami êm dịu của trà xanh.",Drinking / gift ,Please confirm ingredients before order.,
T-RTMSC25,Food & Beverage,Tea,Genmai Tea,,no,粉末猿島茶入玄米茶,Genmaicha with Sashima Green Tea Powder,Trà gạo rang pha bột trà Sashima,assets/images/Genmaicha-with-Sashima-Green Tea-Powder.jpg,80g,,720 days,Room temperature,Japan,,TBD,Quotation required,粉末猿島茶を加えた玄米茶。まろやかな緑茶の味わいと香ばしい玄米の香りが調和した一品。,Genmaicha blended with Sashima tea powder. It combines the mellow taste of green tea with the fragrant aroma of roasted rice.,"Trà gạo rang được bổ sung bột trà Sashima, kết hợp hài hòa giữa vị trà xanh êm dịu và hương thơm đặc trưng của gạo rang.",Drinking / gift ,Please confirm ingredients before order.,
T-RTMSC26,Food & Beverage,Tea,Green Tea,,no,お徳用猿島茶,Value Pack Sashima Tea,Trà Sashima gói tiết kiệm,assets/images/Value-Pack-Sashima-Tea.jpg,5g×30P,,720 days,Room temperature,Japan,,TBD,Quotation required,渋みが少なく、やさしい味わいの猿島茶ティーバッグ。水出し・お湯出しのどちらにも対応し、30袋入りの大容量タイプ。,"Sashima tea bags with a smooth, mellow taste and minimal astringency. Suitable for both cold and hot brewing, with 30 tea bags per pack.","Trà túi lọc Sashima với hương vị êm dịu, ít chát. Phù hợp cho cả pha nóng và pha lạnh, quy cách 30 túi tiện lợi.",Drinking / gift ,Please confirm ingredients before order.,
,,,,,,,,,,,,,,,,,,,,,,,
,,,,,,,,,,,,,,,,,,,,,,,
,,,,,,,,,,,,,,,,,,,,,,,
,,,,,,,,,,,,,,,,,,,,,,,
,,,,,,,,,,,,,,,,,,,,,,,
,,,,,,,,,,,,,,,,,,,,,,,
,,,,,,,,,,,,,,,,,,,,,,,
,,,,,,,,,,,,,,,,,,,,,,,
,,,,,,,,,,,,,,,,,,,,,,,
,,,,,,,,,,,,,,,,,,,,,,,
,,,,,,,,,,,,,,,,,,,,,,,
,,,,,,,,,,,,,,,,,,,,,,,
,,,,,,,,,,,,,,,,,,,,,,,
,,,,,,,,,,,,,,,,,,,,,,,
,,,,,,,,,,,,,,,,,,,,,,,
,,,,,,,,,,,,,,,,,,,,,,,
,Food & Beverage,Seasoning,Sauce,人気,no,職人醤油ソース,Artisan Soy Sauce,Sốt đậu nành thủ công,assets/images/food-sauce.svg,100ml,,5 months,Room temperature,Japan,,TBD,Quotation required,和食に合わせやすい調味ソースです。,Japanese-style artisan soy sauce suitable for various dishes.,Sốt đậu nành kiểu Nhật phù hợp nhiều món ăn.,Restaurant / retail / gift,Soybean and wheat.,assets/pdf/food-catalog.pdf
,Traditional Crafts,Ceramics,Cup,匠,yes,手作り陶器カップ,Handmade Ceramic Cup,Cốc gốm thủ công,assets/images/craft-cup.svg,W80 x H90 mm,Ceramic,,,Japan,Japanese artisan,TBD,Quotation required,日本の職人が制作した、温かみのある陶器カップです。,A warm handmade ceramic cup crafted by a Japanese artisan.,Cốc gốm thủ công mang vẻ đẹp ấm áp của nghề thủ công Nhật Bản.,Gift / lifestyle shop / interior,Handle with care.,
,Traditional Crafts,Lighting,Lamp,おすすめ,yes,和紙ランプ,Japanese Washi Lamp,Đèn giấy washi Nhật Bản,assets/images/craft-lamp.svg,W180 x H280 mm,Washi paper / wood,,,Japan,Japanese artisan,TBD,Quotation required,和紙の柔らかな光を楽しめるインテリア照明です。,Interior lamp featuring the soft light and texture of Japanese washi paper.,Đèn nội thất sử dụng giấy washi với ánh sáng mềm mại.,Hotel / gift / interior,Electrical specifications should be confirmed by market.,
,Traditional Crafts,Decoration,Vase,新商品,no,手作り花器,Handmade Flower Vase,Bình hoa thủ công,assets/images/craft-vase.svg,W120 x H220 mm,Ceramic,,,Japan,Japanese artisan,TBD,Quotation required,日本の美意識を感じられる手作り花器です。,A handmade flower vase with Japanese aesthetics.,Bình hoa thủ công thể hiện thẩm mỹ Nhật Bản.,Interior / gift / premium retail,Fragile item.,
,Japanese Lifestyle Goods,Textile,Furoshiki,おすすめ,yes,風呂敷,Furoshiki Wrapping Cloth,Khăn gói furoshiki,assets/images/life-furoshiki.svg,700 x 700 mm,Cotton,,,Japan,,TBD,Quotation required,ギフト包装や日常使いに適した日本の風呂敷です。,Japanese furoshiki cloth suitable for gift wrapping and daily use.,Khăn furoshiki Nhật Bản phù hợp gói quà và sử dụng hằng ngày.,Gift / souvenir / lifestyle,Wash according to care label.,
,Japanese Lifestyle Goods,Textile,Tenugui,人気,no,手ぬぐい,Tenugui Japanese Towel,Khăn tenugui Nhật Bản,assets/images/life-tenugui.svg,350 x 900 mm,Cotton,,,Japan,,TBD,Quotation required,日本の伝統柄を楽しめる手ぬぐいです。,Traditional Japanese tenugui towel with classic patterns.,Khăn tenugui với họa tiết truyền thống Nhật Bản.,Souvenir / gift / lifestyle,Wash according to care label.,
,Japanese Lifestyle Goods,Glassware,Glass,新商品,yes,富士山グラス,Mt. Fuji Glass,Cốc thủy tinh họa tiết núi Phú Sĩ,assets/images/life-glass.svg,Capacity 250ml,Glass,,,Japan,,TBD,Quotation required,富士山をモチーフにしたギフト向けグラスです。,Gift-oriented glassware with a Mt. Fuji motif.,Cốc thủy tinh lấy cảm hứng từ núi Phú Sĩ phù hợp làm quà tặng.,Gift / premium retail / souvenir,Fragile item. Hand wash recommended.,
,Air Buster,Ozone Device,Deodorizer,Solution,yes,オゾン脱臭器 エアバスター,Air Buster Low-concentration Ozone Device,Máy khử mùi ozone nồng độ thấp Air Buster,assets/images/air-buster.svg,Model AB-001 / desktop type,Device,,,Japan,Manufacturer TBD,TBD,Quotation required,低濃度オゾンにより空間の臭い対策をサポートする機器です。,A low-concentration ozone device supporting odor control in indoor spaces.,Thiết bị ozone nồng độ thấp hỗ trợ khử mùi trong không gian trong nhà.,Office / school / care facility / hotel,Use according to manufacturer instructions and local regulations.,
